host,cpu_mean_mean[%],cpu_max_max[%],mem_mean_mean[%],mem_max_max[%],load1_mean_mean,swap_mean_mean[%],swap_max_max[%],runs_covered
pi0,9.026938,100.0,10.640162,11.6,0.507148,0.0,0.0,10
pi1,8.696116,100.0,10.800363,11.0,0.298549,0.0,0.0,10
pi2,9.626634,100.0,10.573543,10.9,0.480177,0.0,0.0,10
pi3,5.140833,100.0,10.505605,11.1,0.358396,0.0,0.0,10
pi4,5.328453,100.0,10.627485,11.0,0.252589,0.0,0.0,10
