run,throughput[B/s],throughput[MB/s]
run1,34069981.86666667,34.069981866666666
run2,34078720.0,34.07872
run3,34074350.93333333,34.07435093333333
run4,34056874.666666664,34.056874666666666
run5,34052505.6,34.0525056
run6,34061243.733333334,34.061243733333335
run7,34069981.86666667,34.069981866666666
run8,34069981.86666667,34.069981866666666
run9,34078720.0,34.07872
run10,34078720.0,34.07872
total,34069108.05,34.069108,8911.18,0.008911,34052505.6,34.052506,34078720.0,34.07872
