host,cpu_mean_mean[%],cpu_max_max[%],mem_mean_mean[%],mem_max_max[%],load1_mean_mean,swap_mean_mean[%],swap_max_max[%],runs_covered
pi0,8.340571,100.0,11.574357,11.9,0.473357,0.0,0.0,10
pi1,14.269357,50.0,10.977929,11.7,0.79809,0.0,0.0,10
pi2,12.936571,100.0,10.9635,11.3,0.746526,0.0,0.0,10
pi3,7.635643,33.3,10.830643,12.4,0.395536,0.0,0.0,10
