run,throughput[B/s],throughput[MB/s]
run1,34069981.86666667,34.069981866666666
run2,34069981.86666667,34.069981866666666
run3,34065612.8,34.0656128
run4,34065612.8,34.0656128
run5,34061243.733333334,34.061243733333335
run6,34061243.733333334,34.061243733333335
run7,34061243.733333334,34.061243733333335
run8,34078720.0,34.07872
run9,34069981.86666667,34.069981866666666
run10,34052505.6,34.0525056
total,34065612.8,34.065613,6768.53,0.006769,34052505.6,34.052506,34078720.0,34.07872
