run,throughput[B/s],throughput[MB/s]
run1,34035029.333333336,34.035029333333334
run2,34065612.8,34.0656128
run3,34069981.86666667,34.069981866666666
run4,34078720.0,34.07872
run5,34056874.666666664,34.056874666666666
run6,34078720.0,34.07872
run7,34065612.8,34.0656128
run8,34065612.8,34.0656128
run9,34074350.93333333,34.07435093333333
run10,34017553.06666667,34.01755306666667
total,34060806.83,34.060807,18786.99,0.018787,34017553.07,34.017553,34078720.0,34.07872
