host,cpu_mean_mean[%],cpu_max_max[%],mem_mean_mean[%],mem_max_max[%],load1_mean_mean,swap_mean_mean[%],swap_max_max[%],runs_covered
pi0,8.224214,12.8,11.020357,11.5,0.425654,0.0,0.0,10
pi1,9.608143,15.9,11.118571,11.5,0.605114,0.0,0.0,10
pi2,4.785429,100.0,10.928643,11.2,0.277992,0.0,0.0,10
pi3,12.949443,23.6,10.925163,11.3,0.630496,0.0,0.0,10
pi4,7.923628,45.0,10.904905,13.2,0.391423,0.0,0.0,10
