run,throughput[B/s],throughput[MB/s]
run1,34056874.666666664,34.056874666666666
run2,34052505.6,34.0525056
run3,34065612.8,34.0656128
run4,34056874.666666664,34.056874666666666
run5,34061243.733333334,34.061243733333335
run6,34065612.8,34.0656128
run7,34035029.333333336,34.035029333333334
run8,34061243.733333334,34.061243733333335
run9,34052505.6,34.0525056
run10,34052505.6,34.0525056
total,34056000.85,34.056001,8471.93,0.008472,34035029.33,34.035029,34065612.8,34.065613
