host,cpu_mean_mean[%],cpu_max_max[%],mem_mean_mean[%],mem_max_max[%],load1_mean_mean,swap_mean_mean[%],swap_max_max[%],runs_covered
pi0,8.247071,13.6,10.976429,11.3,0.200133,0.0,0.0,10
pi1,13.926714,100.0,11.355,11.8,0.474489,0.0,0.0,10
pi2,12.725714,100.0,11.134643,11.4,0.452936,0.0,0.0,10
pi3,6.927054,11.6,11.106384,11.3,0.257632,0.0,0.0,10
