payload_size,run,lost[#],mean[ms],sd[ms],min[ms],q1[ms],mid[ms],q3[ms],max[ms]
262144,total,41,11.495545,2.516595,6.031947,8.102586,10.315112,14.544685,44.840072
1048576,total,36310,254.741033,46.330009,21.611322,156.389577,229.359763,329.988249,1138.558488
