run,throughput[B/s],throughput[MB/s]
run1,34074350.93333333,34.07435093333333
run2,34069981.86666667,34.069981866666666
run3,34078720.0,34.07872
run4,34078720.0,34.07872
run5,34074350.93333333,34.07435093333333
run6,34065612.8,34.0656128
run7,34074350.93333333,34.07435093333333
run8,34069981.86666667,34.069981866666666
run9,34074350.93333333,34.07435093333333
run10,34078720.0,34.07872
total,34073914.03,34.073914,4121.77,0.004122,34065612.8,34.065613,34078720.0,34.07872
