run,throughput[B/s],throughput[MB/s]
run1,70726451.2,70.7264512
run2,54438570.666666664,54.438570666666664
run3,73697416.53333333,73.69741653333332
run4,73295462.4,73.2954624
run5,66112716.8,66.1127168
run6,59768832.0,59.768832
run7,74606182.4,74.60618240000001
run8,58318301.86666667,58.318301866666665
run9,75934378.66666667,75.93437866666667
run10,63805849.6,63.8058496
total,67070416.21,67.070416,7296871.04,7.296871,54438570.67,54.438571,75934378.67,75.934379
