host,cpu_mean_mean[%],cpu_max_max[%],mem_mean_mean[%],mem_max_max[%],load1_mean_mean,swap_mean_mean[%],swap_max_max[%],runs_covered
pi0,16.414071,29.4,11.288714,11.5,0.804648,0.0,0.0,10
pi1,32.655071,100.0,12.735571,14.0,1.472807,0.0,0.0,10
pi2,30.728786,43.6,12.247643,13.1,1.297666,0.0,0.0,10
pi3,12.645929,19.9,11.399357,11.8,0.534492,0.0,0.0,10
