host,cpu_mean_mean[%],cpu_max_max[%],mem_mean_mean[%],mem_max_max[%],load1_mean_mean,swap_mean_mean[%],swap_max_max[%],runs_covered
pi0,9.200357,100.0,11.132786,11.5,0.507576,0.0,0.0,10
pi1,11.185701,100.0,11.101999,11.2,0.634435,0.0,0.0,10
pi2,9.445714,100.0,11.121929,11.3,0.361379,0.0,0.0,10
pi3,5.547,100.0,10.706143,11.0,0.302242,0.0,0.0,10
