run,throughput[B/s],throughput[MB/s]
run1,34069981.86666667,34.069981866666666
run2,34074350.93333333,34.07435093333333
run3,34039398.4,34.039398399999996
run4,34069981.86666667,34.069981866666666
run5,34052505.6,34.0525056
run6,33912695.46666667,33.91269546666667
run7,34078720.0,34.07872
run8,34039398.4,34.039398399999996
run9,34078720.0,34.07872
run10,34048136.53333333,34.048136533333334
total,34046388.91,34.046389,46901.88,0.046902,33912695.47,33.912695,34078720.0,34.07872
