run,throughput[B/s],throughput[MB/s]
run1,34074350.93333333,34.07435093333333
run2,34074350.93333333,34.07435093333333
run3,34078720.0,34.07872
run4,34074350.93333333,34.07435093333333
run5,34078720.0,34.07872
run6,34078720.0,34.07872
run7,34074350.93333333,34.07435093333333
run8,34078720.0,34.07872
run9,34078720.0,34.07872
run10,34078720.0,34.07872
total,34076972.37,34.076972,2140.4,0.00214,34074350.93,34.074351,34078720.0,34.07872
