host,cpu_mean_mean[%],cpu_max_max[%],mem_mean_mean[%],mem_max_max[%],load1_mean_mean,swap_mean_mean[%],swap_max_max[%],runs_covered
pi0,9.284214,23.5,10.836143,11.1,0.307468,0.0,0.0,10
pi1,11.361154,100.0,10.899645,11.1,0.406043,0.0,0.0,10
pi2,9.563429,100.0,10.982286,16.1,0.365485,0.0,0.0,10
pi3,5.515571,100.0,10.706143,11.0,0.185423,0.0,0.0,10
