host,cpu_mean_mean[%],cpu_max_max[%],mem_mean_mean[%],mem_max_max[%],load1_mean_mean,swap_mean_mean[%],swap_max_max[%],runs_covered
pi0,16.346357,30.3,11.317286,11.5,0.676469,0.0,0.0,10
pi1,20.457071,30.5,12.120857,13.0,0.909998,0.0,0.0,10
pi2,11.226,18.9,11.018286,11.5,0.309344,0.0,0.0,10
pi3,31.534786,44.6,12.143714,13.8,1.269151,0.0,0.0,10
pi4,12.226929,100.0,11.377786,11.7,0.683616,0.0,0.0,10
