host,cpu_mean_mean[%],cpu_max_max[%],mem_mean_mean[%],mem_max_max[%],load1_mean_mean,swap_mean_mean[%],swap_max_max[%],runs_covered
pi0,15.110965,100.0,12.040207,18.1,1.108681,0.0,0.0,10
pi1,9.655855,17.3,10.963379,11.3,0.245961,0.0,0.0,10
pi2,11.616201,100.0,10.761823,11.1,0.609881,0.0,0.0,10
pi3,6.430214,100.0,10.716071,11.0,0.287145,0.0,0.0,10
pi4,6.907214,14.9,10.738357,11.1,0.35803,0.0,0.0,10
