run,throughput[B/s],throughput[MB/s]
run1,34078720.0,34.07872
run2,34069981.86666667,34.069981866666666
run3,34069981.86666667,34.069981866666666
run4,34069981.86666667,34.069981866666666
run5,34078720.0,34.07872
run6,34074350.93333333,34.07435093333333
run7,34052505.6,34.0525056
run8,34065612.8,34.0656128
run9,34065612.8,34.0656128
run10,34069981.86666667,34.069981866666666
total,34069544.96,34.069545,7165.8,0.007166,34052505.6,34.052506,34078720.0,34.07872
