run,throughput[B/s],throughput[MB/s]
run1,45962581.333333336,45.96258133333333
run2,55242478.93333333,55.24247893333333
run3,50086980.266666666,50.086980266666664
run6,39496362.666666664,39.49636266666666
run7,44634385.06666667,44.63438506666667
run8,50017075.2,50.0170752
run9,34201053.86666667,34.20105386666667
total,45662988.19,45.662988,6555776.21,6.555776,34201053.87,34.201054,55242478.93,55.242479
