run,lost[#],mean[ms],sd[ms],min[ms],q1[ms],mid[ms],q3[ms],max[ms]
run1,5170,296.022877,136.952329,57.711485,185.279385,287.602775,398.98628,990.126372
run2,4639,200.765623,118.477863,21.782879,104.563946,165.082007,278.009993,726.615365
run3,4934,259.794473,110.850896,21.611322,166.182303,237.515811,338.721479,669.333659
run6,5540,298.701654,115.781885,21.671183,205.385507,295.100686,366.096035,806.629683
run7,5246,272.24337,153.342896,51.120279,166.66631,228.164987,331.533343,1138.558488
run8,4938,169.972469,104.080107,21.818146,93.506492,129.768922,228.424806,656.56657
run9,5843,285.686762,138.357492,25.918353,173.143098,262.283151,368.145805,869.999878
total,36310,254.741033,46.330009,21.611322,156.389577,229.359763,329.988249,1138.558488
