host,cpu_mean_mean[%],cpu_max_max[%],mem_mean_mean[%],mem_max_max[%],load1_mean_mean,swap_mean_mean[%],swap_max_max[%],runs_covered
pi0,9.576241,100.0,10.870402,15.9,0.492709,0.0,0.0,10
pi1,8.556323,100.0,10.603261,11.3,0.403217,0.0,0.0,10
pi2,4.4634,100.0,10.318063,11.1,0.195399,0.0,0.0,10
pi3,9.765686,100.0,10.998641,11.3,0.502595,0.0,0.0,10
pi4,5.11566,29.9,10.51618,10.8,0.318026,0.0,0.0,10
