run,throughput[B/s],throughput[MB/s]
run1,34065612.8,34.0656128
run2,34039398.4,34.039398399999996
run3,34048136.53333333,34.048136533333334
run4,34043767.46666667,34.043767466666665
run5,34035029.333333336,34.035029333333334
run6,33986969.6,33.9869696
run7,33882112.0,33.882112
run8,32112640.0,32.11264
run9,33973862.4,33.9738624
run10,34074350.93333333,34.07435093333333
total,33826187.95,33.826188,573726.16,0.573726,32112640.0,32.11264,34074350.93,34.074351
