payload_size,run,lost[#],mean[ms],sd[ms],min[ms],q1[ms],mid[ms],q3[ms],max[ms]
262144,total,22,11.781156,0.968965,6.094108,7.663863,10.18171,15.640051,108.546489
1048576,total,39622,141.152032,4.639011,31.749382,108.017531,135.465081,165.717934,746.391447
