payload_size,run,lost[#],mean[ms],sd[ms],min[ms],q1[ms],mid[ms],q3[ms],max[ms]
262144,total,27,11.077373,1.273858,5.019673,7.754949,10.103182,14.225569,114.525331
1048576,total,36137,143.206304,7.347703,39.086237,105.811623,137.918587,172.921676,504.17725
