payload_size,run,lost[#],mean[ms],sd[ms],min[ms],q1[ms],mid[ms],q3[ms],max[ms]
262144,total,1124,11.671194,1.174008,5.973827,7.645551,11.012306,14.691756,111.203785
1048576,total,35966,138.218634,5.740431,44.629452,102.384633,132.707014,165.283676,524.55082
